[{"model": "ums.user", "pk": 1, "fields": {"last_login": null, "creator": null, "created": "2019-06-10T19:42:41.616Z", "updated": "2019-06-10T19:42:41.616Z", "lastlogin": null, "email": "admin@ad.com", "password": "test1", "isactive": true, "firstname": null, "lastname": null}}, {"model": "ums.user", "pk": 2, "fields": {"last_login": null, "creator": null, "created": "2019-06-10T19:42:42.652Z", "updated": "2019-06-10T19:42:42.652Z", "lastlogin": null, "email": "user@us.com", "password": "test1", "isactive": true, "firstname": null, "lastname": null}}, {"model": "ums.user", "pk": 3, "fields": {"last_login": "2019-07-10T15:27:00Z", "creator": null, "created": "2019-07-10T15:27:48.093Z", "updated": "2019-07-10T15:27:48.093Z", "lastlogin": "2019-05-10T15:27:00Z", "email": "kinoko@wp.pl", "password": "lol", "isactive": true, "firstname": "Kin00ko", "lastname": null}}, {"model": "ums.user", "pk": 4, "fields": {"last_login": "2019-07-10T15:30:00Z", "creator": null, "created": "2019-07-10T15:30:54.152Z", "updated": "2019-07-10T15:30:54.152Z", "lastlogin": "2019-06-10T15:30:00Z", "email": "kinokghjo@wp.pl", "password": "gfh", "isactive": true, "firstname": "Kin00ko", "lastname": "gf"}}, {"model": "ums.user", "pk": 5, "fields": {"last_login": null, "creator": null, "created": "2019-07-10T15:31:33.133Z", "updated": "2019-07-10T15:31:33.133Z", "lastlogin": null, "email": "kinfokghjo@wp.pl", "password": "lol", "isactive": true, "firstname": "Kin00ko", "lastname": "gf"}}, {"model": "ums.user", "pk": 6, "fields": {"last_login": null, "creator": null, "created": "2019-07-10T15:38:56.001Z", "updated": "2019-07-10T15:38:56.001Z", "lastlogin": null, "email": "kinokgggghjo@wp.pl", "password": "gfh", "isactive": true, "firstname": "Kin00ko", "lastname": "gf"}}, {"model": "ums.user", "pk": 7, "fields": {"last_login": null, "creator": null, "created": "2019-07-10T15:48:51.855Z", "updated": "2019-07-10T15:48:51.855Z", "lastlogin": null, "email": "kinokggg43ghjo@wp.pl", "password": "gfh", "isactive": false, "firstname": "Kin00ko", "lastname": "gf"}}, {"model": "ums.user", "pk": 8, "fields": {"last_login": null, "creator": null, "created": "2019-07-10T16:49:06.326Z", "updated": "2019-07-10T16:49:06.326Z", "lastlogin": null, "email": "kinokggg43asdghjo@wp.pl", "password": "gfh", "isactive": true, "firstname": "Kin00ko", "lastname": "gf"}}, {"model": "ums.user", "pk": 9, "fields": {"last_login": null, "creator": null, "created": "2019-07-12T20:17:23.550Z", "updated": "2019-07-12T20:17:23.550Z", "lastlogin": null, "email": "kinokggg43asdgshjo@wp.pl", "password": "fads", "isactive": true, "firstname": "Kin00ko", "lastname": "gf"}}, {"model": "ums.user", "pk": 10, "fields": {"last_login": null, "creator": null, "created": "2019-07-12T20:18:45.492Z", "updated": "2019-07-12T20:18:45.492Z", "lastlogin": null, "email": "kinokggg43asdfsdghjo@wp.pl", "password": "lol", "isactive": false, "firstname": "Kin00ko", "lastname": "gf"}}, {"model": "ums.user", "pk": 11, "fields": {"last_login": null, "creator": null, "created": "2019-07-12T20:20:25.678Z", "updated": "2019-07-12T20:20:25.678Z", "lastlogin": null, "email": "kinokggg43asdfsdsfdghjo@wp.pl", "password": "lol", "isactive": false, "firstname": "Kin00ko", "lastname": "gf"}}, {"model": "ums.user", "pk": 12, "fields": {"last_login": null, "creator": null, "created": "2019-07-12T20:21:08.671Z", "updated": "2019-07-12T20:21:08.671Z", "lastlogin": null, "email": "kinokggg43asdfsds234fdghjo@wp.pl", "password": "lol", "isactive": false, "firstname": "Kin00ko", "lastname": "gf"}}, {"model": "ums.user", "pk": 13, "fields": {"last_login": null, "creator": null, "created": "2019-07-12T20:26:37.892Z", "updated": "2019-07-12T20:26:37.892Z", "lastlogin": null, "email": "kinokggg43asdfsds234fdghjo@wp.plf", "password": "lol", "isactive": false, "firstname": "Kin00ko", "lastname": "gf"}}, {"model": "ums.user", "pk": 14, "fields": {"last_login": null, "creator": null, "created": "2019-07-12T20:29:27.467Z", "updated": "2019-07-12T20:29:27.467Z", "lastlogin": null, "email": "kinokggg43asdfsdss234fdghjo@wp.plf", "password": "sdf", "isactive": false, "firstname": "Kin00ko", "lastname": "gf"}}, {"model": "ums.user", "pk": 15, "fields": {"last_login": null, "creator": null, "created": "2019-07-12T20:33:39.043Z", "updated": "2019-07-12T20:33:39.043Z", "lastlogin": null, "email": "kinokggg43asdfsdss234fdghajo@wp.plf", "password": "sdf", "isactive": false, "firstname": "Kin00ko", "lastname": "gf"}}, {"model": "ums.user", "pk": 16, "fields": {"last_login": null, "creator": null, "created": "2019-07-12T20:36:26.809Z", "updated": "2019-07-12T20:36:26.840Z", "lastlogin": null, "email": "kinokggg43asdfssddss234fdghajo@wp.plf", "password": "dsf", "isactive": false, "firstname": "Kin00ko", "lastname": "gf"}}, {"model": "ums.user", "pk": 17, "fields": {"last_login": null, "creator": null, "created": "2019-07-12T20:36:58.647Z", "updated": "2019-07-12T20:36:58.647Z", "lastlogin": null, "email": "kinokggg4sd3asdfssddss234fdghajo@wp.plf", "password": "sd", "isactive": false, "firstname": "Kin00ko", "lastname": "gf"}}, {"model": "ums.user", "pk": 18, "fields": {"last_login": null, "creator": null, "created": "2019-07-12T20:40:49.339Z", "updated": "2019-07-12T20:40:49.339Z", "lastlogin": null, "email": "kinokggg4sd3asdfssddsssdf234fdghaajo@wp.plfdf", "password": "d", "isactive": false, "firstname": "Kin00ko", "lastname": "gf"}}, {"model": "ums.user", "pk": 19, "fields": {"last_login": null, "creator": null, "created": "2019-07-13T07:32:58.884Z", "updated": "2019-07-13T07:32:58.884Z", "lastlogin": null, "email": "kinokggg4sd3asdfssddsssdf234fdghaajo@wp.plfdf7", "password": "79", "isactive": false, "firstname": "Kin00ko", "lastname": "gf"}}, {"model": "ums.user", "pk": 20, "fields": {"last_login": null, "creator": null, "created": "2019-07-13T07:33:49.785Z", "updated": "2019-07-13T07:33:49.785Z", "lastlogin": null, "email": "kinokggg4sd3asdfssddsssdf234fdghaajo@wp.plfdf74", "password": "dsf", "isactive": false, "firstname": "Kin00ko", "lastname": "gf"}}, {"model": "ums.user", "pk": 21, "fields": {"last_login": null, "creator": null, "created": "2019-07-13T07:36:20.260Z", "updated": "2019-07-13T07:36:20.260Z", "lastlogin": null, "email": "kinokggg4sd3asdfssddss234fdghajo@wp.plfyh", "password": "79", "isactive": false, "firstname": "Kin00ko", "lastname": "gf"}}, {"model": "ums.user", "pk": 22, "fields": {"last_login": null, "creator": null, "created": "2019-07-13T07:39:40.654Z", "updated": "2019-07-13T07:39:40.654Z", "lastlogin": null, "email": "kinokggg4sd3asdfssddsssdf234fdghaajo@wp.plfdf7h", "password": "79", "isactive": false, "firstname": "Kin00ko", "lastname": "gf"}}, {"model": "ums.user", "pk": 23, "fields": {"last_login": null, "creator": null, "created": "2019-07-13T07:40:49.752Z", "updated": "2019-07-13T07:40:49.752Z", "lastlogin": null, "email": "kinokggg4sd3asdfssddsssdf234fdghaajo@wp.plfdf7h6", "password": "d", "isactive": false, "firstname": "Kin00ko", "lastname": "gf"}}, {"model": "ums.user", "pk": 24, "fields": {"last_login": null, "creator": null, "created": "2019-07-13T07:41:51.304Z", "updated": "2019-07-13T07:41:51.331Z", "lastlogin": null, "email": "kinokggg4sd3asdfssddsssdf234fdhghaajo@wp.plfdf7h6", "password": "lol", "isactive": false, "firstname": "Kin00ko", "lastname": "gf"}}, {"model": "ums.user", "pk": 25, "fields": {"last_login": null, "creator": null, "created": "2019-07-13T07:43:20.352Z", "updated": "2019-07-13T07:43:20.352Z", "lastlogin": null, "email": "kinokggg4sd3asdfssddsssdf234fdhghaajo@wp.plfdf7h66", "password": "dsf", "isactive": false, "firstname": "Kin00ko", "lastname": "gf"}}, {"model": "ums.user", "pk": 26, "fields": {"last_login": null, "creator": null, "created": "2019-07-13T07:52:18.250Z", "updated": "2019-07-13T07:52:18.278Z", "lastlogin": null, "email": "kinokggg4sd3asdfssddsssdf234fdghaajo@wp.plfdf7h6hh", "password": "lol", "isactive": false, "firstname": "Kin00ko", "lastname": "gf"}}, {"model": "ums.user", "pk": 27, "fields": {"last_login": null, "creator": null, "created": "2019-07-13T07:53:49.985Z", "updated": "2019-07-13T07:53:49.985Z", "lastlogin": null, "email": "kinokggg4sd3asdfssddsssdf234fdghaajo@wp.plfdf7h6hhh", "password": "f", "isactive": false, "firstname": "Kin00ko", "lastname": "gf"}}, {"model": "ums.user", "pk": 28, "fields": {"last_login": null, "creator": null, "created": "2019-07-13T08:03:00.650Z", "updated": "2019-07-13T08:03:00.650Z", "lastlogin": null, "email": "kinokggg4sd3asdfssddsssdf234fdghaajo@wp.plfdf7h6hhhsd", "password": "sd", "isactive": false, "firstname": "Kin00ko", "lastname": "gf"}}, {"model": "ums.user", "pk": 29, "fields": {"last_login": null, "creator": null, "created": "2019-07-13T08:05:33.585Z", "updated": "2019-07-13T08:05:33.585Z", "lastlogin": null, "email": "kinokggg4sd3asdfssddsssdf234fdghaajo@wp.plfdf7h6hhhsdd", "password": "d", "isactive": false, "firstname": "Kin00ko", "lastname": "gf"}}, {"model": "ums.user", "pk": 30, "fields": {"last_login": null, "creator": null, "created": "2019-07-13T12:06:45.806Z", "updated": "2019-07-13T12:06:45.806Z", "lastlogin": null, "email": "art@waz.com", "password": "123", "isactive": false, "firstname": null, "lastname": null}}, {"model": "ums.user", "pk": 31, "fields": {"last_login": null, "creator": null, "created": "2019-07-13T12:21:41.797Z", "updated": "2019-07-13T12:21:41.797Z", "lastlogin": null, "email": "artur@waz.com", "password": "lol", "isactive": true, "firstname": null, "lastname": null}}, {"model": "ums.user", "pk": 32, "fields": {"last_login": null, "creator": null, "created": "2019-07-13T12:32:19.911Z", "updated": "2019-07-13T12:32:19.911Z", "lastlogin": null, "email": "kinokggg4sd3asdfssddsssdf234fdghaajo@wp.plfdf7h6hhhsddd", "password": "lol", "isactive": true, "firstname": "Kin00ko", "lastname": "gf"}}, {"model": "ums.user", "pk": 33, "fields": {"last_login": null, "creator": null, "created": "2019-07-13T12:35:33.516Z", "updated": "2019-07-13T12:35:33.516Z", "lastlogin": null, "email": "kinokggg4sd3asdfssddsssdf234fdghaajo@wp.plfdf7h6hhhsdds", "password": "lol", "isactive": true, "firstname": "Kin00ko", "lastname": "gf"}}, {"model": "ums.user", "pk": 34, "fields": {"last_login": null, "creator": null, "created": "2019-07-13T12:36:39.951Z", "updated": "2019-07-13T12:36:39.951Z", "lastlogin": null, "email": "kinokggg4sd3asdfssddsssdf234fdghaajo@wp.plfdf7h6hhhsdf", "password": "gfh", "isactive": false, "firstname": "Kin00ko", "lastname": "gf"}}, {"model": "ums.user", "pk": 35, "fields": {"last_login": null, "creator": null, "created": "2019-07-13T12:37:40.381Z", "updated": "2019-07-13T12:37:40.381Z", "lastlogin": null, "email": "kinokggg4sd3asdfssddsssdf234fdghaajo@wp.plfdf7h6hhhsddsd", "password": "as", "isactive": true, "firstname": "Kin00ko", "lastname": "gf"}}, {"model": "ums.user", "pk": 36, "fields": {"last_login": null, "creator": null, "created": "2019-07-13T18:19:38.886Z", "updated": "2019-07-13T18:19:38.887Z", "lastlogin": null, "email": "kinokggg4sd3asdfssddsssdf234fdghaajo@wp.plfdf7h6hhhsddsdf", "password": "sdf", "isactive": true, "firstname": "Kin00ko", "lastname": "gf"}}, {"model": "ums.user", "pk": 37, "fields": {"last_login": null, "creator": null, "created": "2019-07-16T17:24:28.160Z", "updated": "2019-07-16T17:24:28.160Z", "lastlogin": null, "email": "kinokggg4sd3asdfssddsssdf234fdghaajo@wp.plfdf7h6hhhsddsdfs", "password": "s", "isactive": true, "firstname": "Kin00ko", "lastname": "gf"}}, {"model": "ums.usergroup", "pk": 3, "fields": {"creator": null, "created": "2019-07-13T12:35:33.541Z", "updated": "2019-07-13T12:35:33.541Z", "name": "33", "description": null, "parent": null, "isactive": true}}, {"model": "ums.usergroup", "pk": 4, "fields": {"creator": null, "created": "2019-07-13T12:36:39.979Z", "updated": "2019-07-13T12:36:39.979Z", "name": "34", "description": null, "parent": null, "isactive": true}}, {"model": "ums.usergroup", "pk": 5, "fields": {"creator": null, "created": "2019-07-13T12:37:40.419Z", "updated": "2019-07-13T12:37:40.419Z", "name": "35", "description": null, "parent": null, "isactive": true}}, {"model": "ums.usergroup", "pk": 6, "fields": {"creator": null, "created": "2019-07-13T18:19:38.943Z", "updated": "2019-07-13T18:19:38.943Z", "name": "36", "description": null, "parent": null, "isactive": true}}, {"model": "ums.usergroup", "pk": 7, "fields": {"creator": null, "created": "2019-07-16T17:24:28.186Z", "updated": "2019-07-16T17:24:28.186Z", "name": "37", "description": null, "parent": null, "isactive": true}}, {"model": "ums.groupmembers", "pk": 1, "fields": {"usergroup": 5, "user": 35, "created": "2019-07-13T12:37:40.454Z", "inviter": 35}}, {"model": "ums.groupmembers", "pk": 2, "fields": {"usergroup": 6, "user": 36, "created": "2019-07-13T18:19:38.986Z", "inviter": 36}}, {"model": "ums.groupmembers", "pk": 3, "fields": {"usergroup": 7, "user": 37, "created": "2019-07-16T17:24:28.234Z", "inviter": 37}}, {"model": "jobs.jobstatus", "pk": 1, "fields": {"name": "To Do", "description": null, "trigger": null}}, {"model": "jobs.jobstatus", "pk": 2, "fields": {"name": "In Progress", "description": null, "trigger": null}}, {"model": "jobs.jobstatus", "pk": 3, "fields": {"name": "Done", "description": null, "trigger": null}}, {"model": "jobs.jobstatus", "pk": 4, "fields": {"name": "Active", "description": null, "trigger": null}}, {"model": "jobs.jobstatus", "pk": 5, "fields": {"name": "Closed", "description": null, "trigger": null}}, {"model": "jobs.jobtype", "pk": 1, "fields": {"name": "Issue", "description": null, "color": ""}}, {"model": "jobs.jobtype", "pk": 2, "fields": {"name": "Project", "description": null, "color": ""}}, {"model": "jobs.jobtype", "pk": 3, "fields": {"name": "Organization", "description": null, "color": ""}}, {"model": "jobs.jobstatustype", "pk": 1, "fields": {"jobtype": 1, "jobstatus": 1}}, {"model": "jobs.jobstatustype", "pk": 2, "fields": {"jobtype": 1, "jobstatus": 2}}, {"model": "jobs.jobstatustype", "pk": 3, "fields": {"jobtype": 1, "jobstatus": 3}}, {"model": "jobs.jobstatustype", "pk": 4, "fields": {"jobtype": 2, "jobstatus": 1}}, {"model": "jobs.jobstatustype", "pk": 5, "fields": {"jobtype": 2, "jobstatus": 2}}, {"model": "jobs.jobstatustype", "pk": 6, "fields": {"jobtype": 2, "jobstatus": 3}}, {"model": "jobs.job", "pk": 1, "fields": {"creator": 2, "created": "2019-06-10T20:29:52.901Z", "updated": "2019-06-10T20:29:52.901Z", "name": "Test name", "description": null, "closed": null, "parent": null, "status": 2, "childtype": 1, "assignee": null, "defaultbaseline": null}}, {"model": "jobs.job", "pk": 2, "fields": {"creator": 2, "created": "2019-06-10T20:29:52.901Z", "updated": "2019-06-19T06:29:23.447Z", "name": "Test name", "description": null, "closed": null, "parent": 1, "status": 1, "childtype": 1, "assignee": null, "defaultbaseline": 1}}, {"model": "jobs.job", "pk": 3, "fields": {"creator": 2, "created": "2019-06-10T20:29:52.901Z", "updated": "2019-06-10T20:29:52.901Z", "name": "Test name", "description": null, "closed": null, "parent": 1, "status": 1, "childtype": 1, "assignee": null, "defaultbaseline": null}}, {"model": "jobs.job", "pk": 4, "fields": {"creator": 2, "created": "2019-06-10T20:29:52.901Z", "updated": "2019-06-19T06:29:40.410Z", "name": "Test name", "description": null, "closed": null, "parent": 1, "status": 1, "childtype": 1, "assignee": null, "defaultbaseline": 2}}, {"model": "jobs.baseline", "pk": 1, "fields": {"job": 2, "number": 1, "begin": "2019-06-19T19:42:41.616Z", "worktime": "20:00:00"}}, {"model": "jobs.baseline", "pk": 2, "fields": {"job": 4, "number": 1, "begin": "2019-06-22T10:27:00Z", "worktime": "7 00:00:00"}}]
